{"cameraMode":{"drawMode":0,"name":"Shaded","section":"Shading Mode"},"sceneLighting":false,"audioPlay":false,"sceneViewState":{"m_AlwaysRefresh":false,"showFog":true,"showSkybox":false,"showFlares":true,"showImageEffects":true,"showParticleSystems":true,"showVisualEffectGraphs":true,"m_FxEnabled":true},"in2DMode":false,"pivot":{"x":26.389999389648439,"y":25.038002014160158,"z":13.918998718261719},"rotation":{"x":-0.29854196310043337,"y":0.029196716845035554,"z":-0.009136518463492394,"w":-0.9539107084274292},"size":12.124356269836426,"orthographic":false}